Ano,Mes,Chuva,Tmax,Tmin,Tmean
1961.0,1.0,72.89999999999999,37.5,15.2,25.24137931034483
1961.0,2.0,151.70000000000002,35.9,18.2,25.437037037037037
1961.0,3.0,167.29999999999998,35.3,13.0,22.37333333333334
1961.0,4.0,54.39999999999999,31.0,9.6,19.617241379310343
1961.0,5.0,58.4,27.2,6.5,17.65333333333333
1961.0,6.0,170.1,29.9,0.8,15.486206896551725
1961.0,7.0,56.9,30.5,3.0,15.233333333333333
1961.0,8.0,88.2,34.9,9.3,17.783333333333335
1961.0,9.0,250.39999999999998,28.7,9.4,17.755172413793108
1961.0,10.0,172.39999999999998,32.2,10.8,21.323333333333334
1961.0,11.0,74.39999999999999,34.1,12.0,22.613793103448273
1961.0,12.0,134.1,35.3,14.0,24.19333333333333
1962.0,1.0,57.1,34.8,13.2,24.020000000000003
1962.0,2.0,38.5,34.7,12.6,22.96666666666667
1962.0,3.0,85.7,36.0,16.1,23.723333333333333
1962.0,4.0,50.39999999999999,33.5,9.0,19.393103448275863
1962.0,5.0,19.5,27.2,4.6,15.216666666666667
1962.0,6.0,29.700000000000003,31.5,3.4,13.710344827586209
1962.0,7.0,72.19999999999999,23.7,1.4,12.736666666666668
1962.0,8.0,86.69999999999999,31.4,4.2,14.233333333333333
1962.0,9.0,123.49999999999999,31.4,6.8,17.09655172413793
1962.0,10.0,67.1,31.4,6.2,17.949999999999996
1962.0,11.0,28.599999999999998,39.0,11.5,22.02413793103448
1962.0,12.0,48.199999999999996,38.3,14.8,24.180000000000003
1963.0,1.0,89.49999999999999,37.5,17.5,25.02333333333333
1963.0,2.0,70.30000000000001,37.4,17.4,24.992592592592594
1963.0,3.0,96.89999999999999,36.3,13.7,24.220000000000002
1963.0,4.0,36.7,34.2,10.9,20.386206896551727
1963.0,5.0,41.1,28.0,6.9,17.276666666666667
1963.0,6.0,79.7,28.9,4.4,14.896551724137929
1963.0,7.0,62.1,28.3,2.6,15.32666666666667
1963.0,8.0,162.4,27.5,2.2,14.586666666666668
1963.0,9.0,114.89999999999999,34.7,11.0,18.18965517241379
1963.0,10.0,303.40000000000003,31.0,7.2,18.983333333333334
1963.0,11.0,151.3,36.2,11.1,21.01724137931034
1963.0,12.0,63.3,34.3,14.5,22.953333333333333
1964.0,1.0,7.000000000000001,39.1,16.1,24.5
1964.0,2.0,107.6,35.9,15.0,24.196428571428573
1964.0,3.0,51.89999999999999,36.3,10.6,23.503333333333337
1964.0,4.0,55.49999999999999,31.7,11.3,20.66896551724138
1964.0,5.0,48.5,27.2,9.7,17.103333333333335
1964.0,6.0,67.20000000000002,27.3,3.4,12.53448275862069
1964.0,7.0,159.4,28.4,3.3,12.043333333333331
1964.0,8.0,160.70000000000002,28.8,5.3,15.393333333333334
1964.0,9.0,101.50000000000001,32.8,3.9,16.444827586206895
1964.0,10.0,73.10000000000001,32.5,8.8,18.07333333333333
1964.0,11.0,46.4,32.1,10.2,20.420689655172417
1964.0,12.0,115.1,36.5,11.9,22.293333333333337
1965.0,1.0,91.1,35.3,12.7,24.416666666666668
1965.0,2.0,57.49999999999999,36.6,17.1,25.544444444444448
1965.0,3.0,98.80000000000001,32.9,11.7,21.25
1965.0,4.0,27.2,31.6,10.1,19.779310344827586
1965.0,5.0,92.00000000000001,28.2,5.4,15.643333333333334
1965.0,6.0,48.00000000000002,27.8,8.4,16.162068965517243
1965.0,7.0,85.99999999999999,28.2,1.7,13.713333333333331
1965.0,8.0,321.3,31.6,5.4,15.643333333333334
1965.0,9.0,237.79999999999998,34.4,6.0,16.596551724137928
1965.0,10.0,247.20000000000002,34.6,8.8,19.90333333333333
1965.0,11.0,53.400000000000006,34.6,12.1,21.43793103448276
1965.0,12.0,142.8,36.0,13.6,23.486666666666668
1966.0,1.0,95.00000000000001,35.0,13.9,24.71666666666666
1966.0,2.0,196.10000000000002,35.6,16.3,23.98518518518518
1966.0,3.0,92.7,36.6,13.9,22.97666666666667
1966.0,4.0,32.699999999999996,32.4,12.8,20.848275862068967
1966.0,5.0,2.5,30.1,5.6,17.323333333333334
1966.0,6.0,120.4,28.0,3.8,15.948275862068964
1966.0,7.0,195.2,30.3,1.9,15.059999999999999
1966.0,8.0,221.9,31.4,4.4,13.333333333333334
1966.0,9.0,126.79999999999998,27.3,6.1,15.417241379310346
1966.0,10.0,135.20000000000002,31.5,9.2,18.603333333333335
1966.0,11.0,34.79999999999999,34.6,9.2,21.58620689655173
1966.0,12.0,224.20000000000002,36.1,14.5,23.233333333333334
1967.0,1.0,134.79999999999995,35.4,16.8,24.080000000000002
1967.0,2.0,57.300000000000004,35.4,13.2,23.859259259259257
1967.0,3.0,57.1,32.2,12.4,21.87333333333333
1967.0,4.0,41.2,32.6,7.0,19.913793103448278
1967.0,5.0,38.099999999999994,31.0,12.7,19.69666666666667
1967.0,7.0,42.9,31.4,4.0,15.176666666666668
1967.0,8.0,49.00000000000001,32.6,6.8,16.680000000000003
1967.0,9.0,297.8,28.4,7.0,17.79310344827586
1967.0,10.0,68.10000000000001,35.0,12.9,21.580000000000002
1967.0,11.0,55.400000000000006,36.9,15.1,21.69655172413793
1967.0,12.0,57.4,36.5,14.2,23.759999999999998
1968.0,1.0,144.39999999999998,35.8,14.8,24.71666666666666
1968.0,2.0,76.3,37.3,15.2,24.54642857142857
1968.0,3.0,175.8,35.5,15.3,23.589999999999993
1968.0,4.0,88.80000000000001,30.0,8.6,17.058620689655175
1968.0,5.0,32.3,27.3,4.9,14.126666666666667
1968.0,6.0,56.6,26.0,5.2,14.73793103448276
1968.0,7.0,69.99999999999997,26.4,4.6,15.326666666666664
1968.0,8.0,11.7,28.8,7.4,16.37333333333333
1968.0,9.0,165.5,34.8,5.3,16.78620689655172
1968.0,10.0,141.6,33.8,9.4,19.51
1968.0,11.0,95.10000000000001,33.5,13.8,23.503448275862073
1968.0,12.0,69.6,38.2,15.6,23.839999999999996
1969.0,1.0,98.60000000000001,35.6,15.1,23.70666666666667
1969.0,2.0,187.5,36.1,16.0,24.699999999999996
1969.0,3.0,62.4,35.2,14.8,23.04
1969.0,4.0,70.39999999999999,31.1,11.8,20.624137931034486
1969.0,5.0,92.99999999999996,32.2,8.6,17.65
1969.0,6.0,72.5,29.9,4.0,15.444827586206898
1969.0,7.0,45.4,30.3,4.6,14.54
1969.0,8.0,93.0,31.6,3.2,14.156666666666665
1969.0,9.0,83.49999999999999,32.3,5.6,17.141379310344828
1969.0,10.0,22.2,35.0,8.0,18.10666666666667
1969.0,11.0,97.10000000000001,35.0,12.0,21.462068965517236
1969.0,12.0,52.2,36.4,12.8,23.14
1970.0,1.0,35.699999999999996,35.4,14.6,25.036666666666665
1970.0,2.0,92.60000000000001,36.5,16.0,25.585185185185182
1970.0,3.0,144.6,36.0,15.8,24.143333333333334
1970.0,4.0,36.8,33.5,12.2,21.596551724137928
1970.0,5.0,176.89999999999998,31.0,7.2,17.930000000000003
1970.0,6.0,220.49999999999997,28.5,5.6,15.600000000000001
1970.0,7.0,179.4,28.2,4.2,14.876666666666665
1970.0,8.0,96.5,31.2,4.6,15.349999999999998
1970.0,9.0,15.2,30.0,6.6,17.410344827586208
1970.0,10.0,140.7,29.8,10.4,18.29666666666667
1970.0,11.0,52.2,31.1,10.2,19.458620689655174
1970.0,12.0,68.80000000000001,39.2,12.0,23.779999999999998
1971.0,1.0,109.80000000000001,37.2,16.8,25.55666666666667
1971.0,2.0,97.2,37.3,14.4,25.24074074074074
1971.0,3.0,141.29999999999998,32.4,15.5,22.759999999999998
1971.0,4.0,58.900000000000006,32.3,6.8,18.472413793103446
1971.0,5.0,84.60000000000001,29.5,5.1,15.066666666666666
1971.0,6.0,159.7,24.4,1.2,12.441379310344827
1971.0,7.0,60.599999999999994,28.0,4.1,14.813333333333333
1971.0,8.0,137.7,29.5,6.9,15.283333333333335
1971.0,9.0,65.9,31.6,10.0,19.527586206896554
1971.0,10.0,31.2,31.3,7.6,19.513333333333335
1971.0,11.0,42.7,34.9,11.2,21.724137931034484
1971.0,12.0,117.20000000000002,37.3,12.3,24.410000000000004
1972.0,1.0,215.4,35.5,16.2,24.48333333333333
1972.0,2.0,185.00000000000003,35.5,15.0,23.900000000000002
1972.0,3.0,184.0,34.6,14.8,22.926666666666666
1972.0,4.0,122.7,29.5,10.0,19.36551724137931
1972.0,5.0,75.9,30.3,9.9,19.06666666666667
1972.0,6.0,250.50000000000003,27.7,7.8,17.76551724137931
1972.0,7.0,184.70000000000002,27.7,3.0,14.573333333333332
1972.0,8.0,238.89999999999995,30.1,3.8,15.386666666666667
1972.0,9.0,219.39999999999998,32.4,6.0,17.465517241379306
1972.0,10.0,141.0,33.6,8.4,18.353333333333335
1972.0,11.0,114.49999999999999,32.2,11.0,20.5448275862069
1972.0,12.0,36.1,38.6,16.4,24.030000000000005
1973.0,1.0,185.7,37.0,16.2,25.246666666666663
1973.0,2.0,144.5,36.4,18.8,25.099999999999998
1973.0,3.0,80.9,33.8,14.9,23.143333333333334
1973.0,4.0,72.6,34.6,14.1,21.90344827586207
1973.0,5.0,124.7,31.2,9.5,17.686666666666667
1973.0,6.0,66.5,29.6,6.1,16.027586206896554
1973.0,7.0,200.4,31.2,3.9,14.949999999999998
1973.0,8.0,147.0,25.0,6.5,13.52
1973.0,9.0,137.79999999999998,27.8,6.2,16.16551724137931
1973.0,10.0,61.90000000000001,32.0,8.7,19.366666666666667
1973.0,11.0,8.200000000000001,34.9,11.0,20.26551724137931
1973.0,12.0,99.5,32.4,14.4,23.753333333333334
1974.0,1.0,85.89999999999999,36.9,11.1,25.74333333333333
1974.0,2.0,70.60000000000001,36.2,18.0,24.751851851851853
1974.0,3.0,106.5,34.1,14.9,23.286206896551718
1974.0,4.0,0.5,31.2,11.8,20.658620689655173
1974.0,5.0,128.10000000000002,29.1,10.5,18.336666666666666
1974.0,6.0,200.29999999999998,24.2,2.5,12.917857142857144
1974.0,7.0,60.3,27.1,8.7,15.733333333333336
1974.0,8.0,106.69999999999999,31.4,3.1,14.853333333333332
1974.0,9.0,47.9,34.4,2.2,16.113793103448273
1974.0,10.0,33.400000000000006,29.6,7.9,17.613333333333337
1974.0,11.0,115.19999999999999,35.3,10.5,19.92068965517241
1974.0,12.0,144.5,36.2,11.7,21.286206896551725
1975.0,1.0,104.9,35.2,11.4,22.94333333333333
1975.0,2.0,102.4,37.9,14.8,23.748148148148154
1975.0,3.0,67.0,34.2,14.7,22.83
1975.0,4.0,42.2,28.3,9.0,19.71379310344828
1975.0,5.0,62.3,28.6,7.3,16.886666666666667
1975.0,6.0,122.6,25.5,3.1,14.56551724137931
1975.0,7.0,69.09999999999998,28.9,1.2,13.42333333333333
1975.0,8.0,262.5999999999999,31.5,6.4,15.776666666666666
1975.0,9.0,141.70000000000002,34.7,5.4,17.00344827586207
1975.0,10.0,59.900000000000006,30.9,9.7,18.08333333333333
1975.0,11.0,89.60000000000001,37.3,13.1,20.606896551724134
1975.0,12.0,111.39999999999998,34.7,13.2,22.99666666666667
1976.0,1.0,98.6,35.2,15.7,24.37333333333333
1976.0,2.0,80.1,32.4,13.5,23.453571428571426
1976.0,3.0,144.29999999999998,35.4,10.4,21.360000000000003
1976.0,4.0,108.59999999999998,31.1,10.4,18.458620689655174
1976.0,5.0,184.09999999999997,27.4,7.1,16.623333333333335
1976.0,6.0,114.19999999999999,26.8,4.0,13.289655172413795
1976.0,7.0,227.29999999999998,27.6,1.3,13.843333333333334
1976.0,8.0,94.1,29.2,4.2,13.98666666666667
1976.0,9.0,85.90000000000002,31.3,5.4,15.837931034482759
1976.0,10.0,57.800000000000004,30.9,7.6,18.02
1976.0,11.0,103.20000000000002,34.2,10.6,20.044827586206896
1976.0,12.0,169.29999999999998,35.6,11.7,23.05666666666667
1977.0,1.0,80.2,35.0,16.5,24.869999999999997
1977.0,2.0,65.1,36.1,18.4,25.86296296296296
1977.0,3.0,101.79999999999998,34.6,15.9,23.530000000000005
1977.0,4.0,106.9,30.2,9.1,19.299999999999997
1977.0,5.0,72.7,28.8,4.2,16.136666666666667
1977.0,6.0,221.10000000000002,26.5,5.2,15.017241379310343
1977.0,7.0,187.49999999999997,31.3,3.6,17.183333333333334
1977.0,8.0,132.9,29.5,4.7,14.69
1977.0,9.0,72.89999999999999,34.2,2.7,19.11034482758621
1977.0,10.0,55.69999999999999,33.4,11.5,21.01666666666667
1977.0,11.0,84.80000000000001,33.9,11.3,21.555172413793105
1977.0,12.0,35.0,33.9,15.2,23.43333333333333
1978.0,1.0,111.80000000000001,36.7,14.5,24.46333333333333
1978.0,2.0,36.900000000000006,36.9,16.8,23.63703703703704
1978.0,3.0,49.699999999999996,38.1,15.3,23.463333333333342
1978.0,4.0,6.9,32.0,7.3,18.33448275862069
1978.0,5.0,27.4,31.0,3.6,14.876666666666665
1978.0,6.0,81.9,28.3,0.7,14.36206896551724
1978.0,7.0,92.60000000000001,28.0,6.3,15.76333333333333
1978.0,8.0,175.8,29.1,5.3,14.879999999999997
1978.0,9.0,90.7,29.9,3.7,17.46551724137931
1978.0,10.0,142.3,32.3,12.0,20.030000000000005
1978.0,11.0,133.39999999999998,34.7,8.7,20.6551724137931
1978.0,12.0,85.29999999999998,35.8,16.6,23.456666666666667
1979.0,1.0,27.5,35.4,14.2,23.30666666666666
1979.0,2.0,39.199999999999996,36.4,18.1,24.616
1979.0,3.0,61.399999999999984,33.1,13.2,21.816666666666666
1979.0,4.0,142.2,29.4,11.5,18.570370370370366
1979.0,5.0,68.2,25.2,5.9,15.336842105263157
1979.0,6.0,45.3,26.7,3.6,11.738095238095237
1979.0,7.0,25.4,29.3,6.3,14.03125
1979.0,8.0,100.59999999999998,30.4,7.0,16.28620689655173
1979.0,9.0,61.1,35.8,3.7,15.832
1979.0,10.0,57.2,33.3,10.0,19.275862068965512
1979.0,11.0,113.29999999999998,34.6,10.7,20.33703703703704
1979.0,12.0,106.89999999999999,34.6,14.5,23.120689655172416
1980.0,1.0,57.599999999999994,36.2,12.8,23.51034482758621
1980.0,2.0,118.6,35.4,17.6,24.26071428571429
1980.0,3.0,90.7,36.2,18.6,25.446666666666662
1980.0,4.0,90.6,33.8,8.2,22.077272727272728
1980.0,5.0,98.2,28.8,9.6,18.686206896551724
1980.0,6.0,30.900000000000002,28.1,2.3,14.190909090909093
1980.0,7.0,176.6,31.5,2.4,13.28076923076923
1980.0,8.0,13.099999999999998,28.0,1.9,14.955555555555556
1980.0,9.0,38.9,29.9,5.0,14.623076923076924
1980.0,10.0,93.60000000000001,34.0,8.8,19.220689655172418
1980.0,11.0,57.4,31.3,9.0,20.728571428571428
1980.0,12.0,186.2,35.5,15.9,23.134482758620692
1981.0,1.0,111.7,35.1,15.8,24.70357142857143
1981.0,2.0,103.59999999999998,35.5,16.6,25.691999999999997
1981.0,3.0,14.6,34.6,13.0,22.499999999999996
1981.0,4.0,107.89999999999999,32.6,10.4,20.70689655172414
1981.0,5.0,42.800000000000004,32.6,10.4,20.385714285714283
1981.0,6.0,135.5,27.8,2.3,12.88888888888889
1981.0,7.0,39.5,28.8,6.2,15.519047619047617
1981.0,8.0,43.1,31.3,4.7,16.485185185185188
1981.0,9.0,68.30000000000001,33.4,7.7,17.073913043478264
1981.0,10.0,17.5,32.7,7.2,18.081481481481475
1981.0,11.0,74.1,33.6,14.6,21.679310344827588
1981.0,12.0,87.39999999999999,34.6,12.3,22.410714285714285
1982.0,1.0,10.0,35.0,14.5,23.379310344827587
1982.0,2.0,90.30000000000001,34.7,17.3,24.39615384615384
1982.0,3.0,42.8,31.7,14.0,23.206666666666663
1982.0,4.0,15.7,30.9,10.6,20.793103448275865
1982.0,5.0,25.2,31.9,5.0,17.35925925925926
1982.0,6.0,146.4,27.5,4.2,16.05217391304348
1982.0,7.0,68.7,29.2,5.2,13.666666666666668
1982.0,8.0,126.7,34.0,5.6,16.62142857142857
1982.0,9.0,160.79999999999998,33.8,9.2,18.408
1982.0,10.0,235.99999999999997,34.0,9.4,18.451724137931034
1982.0,11.0,157.29999999999998,30.6,10.8,19.682142857142857
1982.0,12.0,79.30000000000001,35.7,11.4,22.900000000000002
1983.0,1.0,83.39999999999999,35.6,17.8,25.043333333333333
1983.0,2.0,134.39999999999998,33.8,16.6,24.36666666666667
1983.0,3.0,166.39999999999998,33.9,11.4,21.62333333333333
1983.0,4.0,82.6,29.7,9.8,19.875862068965514
1983.0,5.0,172.10000000000002,28.8,5.9,17.763333333333335
1983.0,6.0,105.4,30.6,2.7,12.76896551724138
1983.0,7.0,216.10000000000005,28.5,4.6,13.283333333333333
1983.0,8.0,172.2,32.1,6.1,15.626666666666667
1983.0,9.0,33.300000000000004,32.1,4.6,15.517241379310345
1983.0,10.0,104.19999999999999,32.9,9.4,19.613333333333333
1983.0,11.0,133.60000000000002,34.5,10.6,21.675862068965518
1983.0,12.0,44.0,37.2,15.1,24.146666666666665
1984.0,1.0,150.7,37.3,18.2,25.966666666666672
1984.0,2.0,99.7,37.9,14.4,26.882142857142856
1984.0,3.0,99.1,32.9,16.7,23.476666666666667
1984.0,4.0,244.09999999999997,30.7,8.0,19.610344827586204
1984.0,5.0,268.6,31.6,3.3,17.83
1984.0,6.0,340.09999999999997,30.4,3.0,14.213793103448275
1984.0,7.0,125.60000000000001,30.2,2.2,14.360000000000001
1984.0,8.0,97.39999999999999,23.9,2.4,12.85333333333333
1984.0,9.0,63.3,26.1,6.7,16.355172413793102
1984.0,10.0,68.1,36.0,9.2,20.076666666666664
1984.0,11.0,69.79999999999998,34.7,11.1,20.479310344827585
1984.0,12.0,42.10000000000001,35.8,12.1,21.179999999999996
1988.0,1.0,141.4,36.4,14.6,24.946666666666662
1988.0,2.0,24.3,33.2,13.0,23.957142857142856
1988.0,3.0,6.3,37.9,15.7,25.669999999999998
1988.0,4.0,75.1,31.4,8.2,19.00714285714286
1988.0,5.0,43.400000000000006,23.3,3.8,14.103333333333333
1988.0,6.0,170.4,23.6,1.4,11.50357142857143
1988.0,7.0,49.50000000000001,29.7,1.8,12.803333333333331
1988.0,8.0,21.0,33.5,6.0,15.393333333333334
1988.0,9.0,234.49999999999997,27.1,4.1,15.637931034482758
1988.0,10.0,90.19999999999999,34.8,7.1,18.360000000000003
1988.0,11.0,130.1,33.3,10.0,20.706896551724135
1988.0,12.0,29.500000000000004,35.6,14.7,24.1
1989.0,1.0,175.89999999999998,36.1,16.2,24.586666666666662
1989.0,2.0,23.099999999999998,34.5,16.6,24.866666666666667
1989.0,3.0,128.6,34.5,12.8,23.33
1989.0,4.0,144.20000000000002,34.5,11.4,20.53793103448276
1989.0,5.0,61.800000000000004,28.6,7.4,16.533333333333335
1989.0,6.0,86.60000000000001,23.3,4.1,14.772413793103448
1989.0,7.0,98.39999999999999,25.6,3.5,12.363333333333335
1989.0,8.0,78.60000000000001,30.8,3.5,15.763333333333334
1989.0,9.0,145.29999999999998,27.1,5.1,15.706896551724139
1989.0,10.0,72.9,32.0,7.1,18.14333333333333
1989.0,11.0,101.30000000000001,33.6,11.1,21.24827586206897
1989.0,12.0,43.9,35.2,12.8,24.216666666666672
1990.0,1.0,64.0,38.1,12.1,24.866666666666667
1990.0,2.0,164.2,36.4,17.3,24.538461538461533
1990.0,3.0,72.80000000000001,34.6,9.6,23.249999999999996
1990.0,4.0,188.1,31.8,9.0,21.217241379310344
1990.0,5.0,41.1,27.2,3.7,15.403333333333334
1990.0,6.0,112.1,23.5,3.1,12.344827586206895
1990.0,7.0,47.89999999999999,24.3,2.4,12.556666666666668
1990.0,8.0,20.8,30.5,1.1,15.610000000000001
1990.0,9.0,232.6,25.2,5.3,15.110344827586209
1990.0,10.0,245.50000000000003,32.9,10.7,20.779999999999998
1990.0,11.0,219.6,38.6,10.5,22.88275862068965
1990.0,12.0,152.5,35.6,13.1,22.36896551724138
1991.0,1.0,55.099999999999994,37.8,13.7,23.650000000000002
1991.0,2.0,82.1,36.5,12.9,23.937037037037037
1991.0,3.0,61.4,37.6,14.2,24.109999999999996
1991.0,4.0,210.29999999999998,33.7,6.9,20.51724137931035
1991.0,5.0,32.9,32.7,8.7,19.35666666666667
1991.0,6.0,103.4,30.0,4.3,15.379310344827585
1991.0,7.0,162.9,30.8,0.6,13.839999999999998
1991.0,8.0,104.3,29.4,1.3,16.39666666666667
1991.0,9.0,52.80000000000001,32.6,8.7,18.051724137931036
1991.0,10.0,78.2,38.2,8.4,20.406896551724138
1991.0,11.0,64.5,36.8,12.7,21.20344827586207
1991.0,12.0,124.89999999999999,36.4,16.0,24.77666666666666
1992.0,1.0,166.6,35.1,14.4,24.48333333333333
1992.0,2.0,82.89999999999999,37.2,18.0,25.93703703703704
1992.0,3.0,197.19999999999996,34.5,15.6,24.126666666666665
1992.0,4.0,165.0,32.9,11.8,20.56551724137931
1992.0,5.0,79.6,28.7,4.2,16.53333333333333
1992.0,6.0,118.4,30.9,5.2,16.56551724137931
1992.0,7.0,190.7,28.1,1.8,11.873333333333335
1992.0,8.0,63.49999999999999,30.8,1.8,14.146666666666667
1992.0,9.0,199.0,30.3,5.0,16.637931034482758
1992.0,10.0,95.4,35.7,5.8,19.529999999999998
1992.0,11.0,47.699999999999996,33.8,8.0,20.679310344827588
1992.0,12.0,68.6,38.4,13.0,23.073333333333334
1993.0,1.0,149.0,37.2,15.4,25.04
1993.0,2.0,82.2,33.3,15.2,23.487999999999996
1993.0,3.0,71.6,33.2,14.2,22.876666666666665
1993.0,4.0,34.7,33.8,9.0,21.69655172413793
1993.0,5.0,139.10000000000002,30.9,3.0,17.31666666666667
1993.0,6.0,102.69999999999999,26.5,1.4,13.648275862068964
1993.0,7.0,197.6,30.5,-0.2,13.106666666666667
1993.0,8.0,11.799999999999999,31.0,1.0,14.293333333333335
1993.0,9.0,70.8,25.3,5.4,15.689655172413794
1993.0,10.0,125.8,35.9,9.0,20.19666666666667
1993.0,11.0,175.10000000000002,34.7,12.8,22.182758620689658
1993.0,12.0,198.29999999999998,36.5,12.6,23.383333333333336
1994.0,1.0,74.2,34.9,13.0,23.843333333333337
1994.0,2.0,251.0,35.0,16.2,23.611538461538462
1994.0,3.0,136.29999999999998,33.5,12.6,22.617241379310343
1994.0,4.0,128.70000000000002,33.6,8.4,19.085714285714285
1994.0,5.0,103.89999999999999,31.5,8.4,19.251724137931028
1994.0,6.0,132.39999999999998,30.0,2.0,14.224137931034482
1994.0,7.0,156.89999999999998,30.5,0.4,14.95666666666667
1994.0,8.0,147.9,31.5,4.5,15.106666666666666
1994.0,9.0,31.8,38.0,7.0,18.43793103448276
1994.0,10.0,222.8,33.2,9.0,19.543333333333333
1994.0,11.0,77.8,33.0,11.8,20.948275862068964
1994.0,12.0,101.60000000000001,39.5,13.8,25.226666666666667
1995.0,1.0,87.7,36.2,17.0,25.006666666666668
1995.0,2.0,84.30000000000001,34.6,13.0,23.566666666666666
1995.0,3.0,58.4,33.6,13.0,23.020000000000003
1995.0,4.0,84.99999999999999,34.6,8.1,19.69310344827586
1995.0,5.0,64.9,27.9,6.0,16.176666666666666
1995.0,6.0,181.4,30.2,3.2,14.341379310344827
1995.0,7.0,239.10000000000002,30.7,4.9,16.176666666666666
1995.0,8.0,141.9,33.3,0.3,15.655172413793103
1995.0,9.0,169.89999999999995,33.0,4.4,16.67241379310345
1995.0,10.0,87.7,34.4,8.4,18.355172413793102
1995.0,11.0,56.4,36.3,10.8,22.59310344827586
1995.0,12.0,136.7,39.0,13.2,24.18666666666667
1996.0,1.0,161.10000000000002,36.6,16.3,24.306666666666665
1996.0,2.0,85.80000000000001,34.8,12.7,24.2
1996.0,3.0,88.1,31.9,15.2,23.120000000000005
1996.0,4.0,74.4,35.2,9.6,21.055172413793105
1996.0,5.0,0.1,28.8,8.0,17.173333333333336
1996.0,6.0,158.10000000000002,29.0,2.8,12.513793103448275
1996.0,7.0,24.700000000000003,23.5,1.6,11.203333333333337
1996.0,8.0,136.4,33.6,4.8,15.516666666666664
1996.0,9.0,134.1,31.0,5.0,15.851724137931035
1996.0,10.0,186.19999999999996,33.0,10.9,19.83
1996.0,11.0,93.7,35.0,13.1,22.33448275862069
1996.0,12.0,111.50000000000001,36.1,15.8,24.003448275862073
1997.0,1.0,62.400000000000006,37.2,17.4,25.813333333333336
1997.0,2.0,125.99999999999999,35.2,16.9,24.448148148148146
1997.0,3.0,48.8,33.6,11.6,22.40333333333334
1997.0,4.0,63.3,32.8,8.6,20.2
1997.0,5.0,63.7,28.8,4.8,16.869999999999997
1997.0,6.0,171.79999999999998,30.4,1.6,14.420689655172414
1997.0,7.0,103.5,29.4,3.2,15.139999999999997
1997.0,8.0,185.0,33.3,4.8,16.703333333333333
1997.0,9.0,51.4,28.0,7.1,17.106896551724137
1997.0,10.0,261.5,33.9,11.8,18.99666666666667
1997.0,11.0,121.5,32.2,13.2,21.22758620689655
1997.0,12.0,197.0,36.0,15.8,24.52333333333333
1998.0,1.0,129.6,37.6,15.0,24.110344827586207
1998.0,2.0,120.00000000000001,31.8,13.8,23.725925925925928
1998.0,3.0,147.69999999999996,35.3,11.6,22.273333333333333
1998.0,4.0,97.9,29.3,11.6,19.993103448275864
1998.0,5.0,147.29999999999995,29.2,9.7,16.62
1998.0,6.0,44.400000000000006,26.0,4.8,13.796551724137935
1998.0,7.0,236.9,26.6,6.2,15.363333333333333
1998.0,8.0,146.29999999999998,25.2,6.8,15.879999999999997
1998.0,9.0,137.5,29.0,8.0,16.47241379310345
1998.0,10.0,44.4,34.0,10.0,19.473333333333336
1998.0,11.0,47.39999999999999,34.8,11.0,21.382758620689653
1998.0,12.0,134.60000000000002,34.7,14.0,22.740000000000002
1999.0,1.0,99.60000000000001,36.4,14.4,24.613333333333333
1999.0,2.0,80.4,34.8,15.5,23.73703703703703
1999.0,3.0,53.0,36.7,16.2,25.17666666666667
1999.0,4.0,162.2,32.5,8.4,18.931034482758616
1999.0,5.0,110.9,29.6,7.7,16.22666666666667
1999.0,6.0,151.89999999999998,25.6,4.4,13.706896551724139
1999.0,7.0,156.69999999999996,25.5,6.0,14.073333333333332
1999.0,8.0,71.60000000000001,29.7,4.0,15.146666666666668
1999.0,9.0,107.89999999999999,34.0,7.2,17.093103448275862
1999.0,10.0,115.8,29.6,6.4,18.15666666666667
1999.0,11.0,108.6,30.8,10.0,20.21724137931034
1999.0,12.0,57.9,38.4,12.8,23.176666666666666
2000.0,1.0,38.6,35.8,16.8,24.89333333333333
2000.0,2.0,107.80000000000001,36.8,17.5,24.139285714285712
2000.0,3.0,86.6,33.4,11.8,22.46333333333333
2000.0,4.0,141.2,33.2,11.8,20.758620689655178
2000.0,5.0,129.6,30.4,7.0,16.736666666666665
2000.0,6.0,196.79999999999998,30.8,4.5,16.31379310344828
2000.0,7.0,123.0,28.6,0.0,11.25
2000.0,8.0,93.9,29.4,2.5,13.933333333333335
2000.0,9.0,240.20000000000002,30.2,6.4,16.47241379310345
2000.0,10.0,141.6,31.8,9.8,19.336666666666666
2000.0,11.0,132.4,35.8,10.6,21.137931034482754
2000.0,12.0,72.0,35.6,13.0,23.659999999999993
2001.0,9.0,1.3,18.4,7.2,12.1
2001.0,10.0,34.7,35.6,12.0,21.254166666666666
2001.0,11.0,165.5,35.0,13.0,21.960714285714282
2001.0,12.0,53.0,35.6,14.3,22.748
2002.0,1.0,72.10000000000001,36.0,16.4,24.996666666666663
2002.0,2.0,83.0,35.6,15.0,23.68148148148148
2002.0,3.0,117.19999999999999,38.0,18.6,26.043333333333333
2002.0,4.0,120.5,31.6,10.5,20.92068965517241
2002.0,5.0,151.7,32.0,11.0,19.006666666666664
2002.0,6.0,172.59999999999997,30.3,3.4,14.775862068965518
2002.0,7.0,178.79999999999998,29.1,4.3,14.043333333333331
2002.0,8.0,154.29999999999998,33.4,7.8,17.048275862068966
2002.0,9.0,139.89999999999998,31.2,5.8,15.682758620689656
2002.0,10.0,165.29999999999995,32.9,8.8,21.046666666666667
2002.0,11.0,115.8,35.0,13.3,22.106896551724137
2002.0,12.0,137.20000000000002,34.6,14.7,23.553333333333335
2003.0,1.0,130.9,35.2,16.3,24.940000000000005
2003.0,2.0,199.20000000000002,37.8,16.4,25.537037037037038
2003.0,3.0,107.5,34.8,14.6,23.92666666666667
2003.0,4.0,67.2,31.4,10.8,19.855172413793106
2003.0,5.0,46.0,31.0,5.8,17.30666666666667
2003.0,6.0,167.0,27.8,8.1,16.544827586206896
2003.0,7.0,159.10000000000005,30.7,2.4,14.676666666666668
2003.0,8.0,56.699999999999996,32.3,3.5,14.210000000000003
2003.0,9.0,56.2,34.4,4.8,16.217241379310344
2003.0,10.0,190.2,35.3,8.0,19.89
2003.0,11.0,137.2,35.5,10.0,21.468965517241376
2003.0,12.0,185.0,32.4,10.0,22.383333333333333
2004.0,1.0,58.1,35.0,15.2,24.61
2004.0,2.0,87.0,32.9,16.5,23.73928571428571
2004.0,3.0,27.400000000000006,34.7,13.9,22.90666666666667
2004.0,4.0,63.0,35.0,8.8,22.23103448275862
2004.0,5.0,186.7,26.5,5.9,15.963333333333333
2004.0,6.0,102.70000000000002,28.5,2.8,15.637931034482758
2004.0,7.0,90.19999999999999,29.2,2.8,13.63
2004.0,8.0,71.5,31.1,5.0,15.356666666666666
2004.0,9.0,193.29999999999998,36.6,7.5,18.679310344827588
2004.0,10.0,76.19999999999999,31.9,9.0,18.733333333333334
2004.0,11.0,117.6,33.8,10.5,21.06896551724138
2004.0,12.0,33.7,35.4,16.0,23.029999999999998
2005.0,1.0,28.8,39.2,14.5,25.33
2005.0,2.0,41.0,34.4,17.8,24.48518518518518
2005.0,3.0,141.3,37.8,16.1,23.87666666666667
2005.0,4.0,145.8,35.6,11.0,20.24137931034483
2005.0,5.0,153.70000000000002,31.1,5.5,18.073333333333334
2005.0,6.0,34.70000000000001,29.4,6.6,18.148275862068964
2005.0,7.0,57.7,32.2,1.8,14.623333333333335
2005.0,8.0,148.1,31.0,6.8,17.049999999999997
2005.0,9.0,164.3,27.8,5.2,15.517241379310345
2005.0,10.0,271.1000000000001,32.7,9.6,19.243333333333336
2005.0,11.0,79.29999999999998,36.9,8.5,21.88275862068966
2005.0,12.0,56.0,35.3,13.4,22.886666666666663
2006.0,1.0,174.2,38.2,17.8,25.603333333333335
2006.0,2.0,88.9,35.2,17.4,24.462962962962965
2006.0,3.0,81.2,37.0,14.0,24.046666666666667
2006.0,4.0,17.60000000000001,31.3,11.0,20.241379310344822
2006.0,5.0,136.79999999999998,25.7,5.6,15.456666666666667
2006.0,6.0,66.7,31.6,6.0,15.679310344827588
2006.0,7.0,67.50000000000001,32.0,4.0,17.350000000000005
2006.0,8.0,80.3,32.3,2.7,14.97
2006.0,9.0,99.6,32.2,3.8,16.03793103448276
2006.0,10.0,38.6,35.0,12.0,20.569999999999997
2006.0,11.0,118.10000000000001,36.4,10.2,20.92068965517241
2006.0,12.0,136.0,37.6,16.5,25.066666666666666
2007.0,1.0,89.0,36.4,15.0,25.34333333333333
2007.0,2.0,167.5,36.6,16.5,24.81851851851852
2007.0,3.0,107.7,35.4,18.2,24.97666666666667
2007.0,4.0,38.9,33.0,9.9,22.10689655172413
2007.0,5.0,134.9,29.6,3.4,15.233333333333333
2007.0,6.0,235.7,29.5,3.8,14.39310344827586
2007.0,7.0,178.6,28.8,0.4,12.136666666666663
2007.0,8.0,143.89999999999998,32.4,4.1,14.163333333333334
2007.0,9.0,174.89999999999998,33.8,9.6,19.19310344827586
2007.0,10.0,69.8,32.0,11.8,20.75
2007.0,11.0,132.29999999999998,35.0,9.4,20.317241379310346
2007.0,12.0,88.69999999999999,35.4,13.6,23.946666666666665
2008.0,1.0,58.4,37.5,15.5,24.590000000000007
2008.0,2.0,70.60000000000001,34.4,14.4,24.035714285714285
2008.0,3.0,75.10000000000001,34.7,16.0,23.86333333333334
2008.0,4.0,125.19999999999999,33.6,8.2,19.934482758620685
2008.0,5.0,220.7,31.3,5.2,16.92666666666667
2008.0,6.0,124.79999999999997,22.5,1.8,12.920689655172414
2008.0,7.0,138.4,28.6,6.8,16.263333333333335
2008.0,8.0,121.9,28.6,3.7,15.5
2008.0,9.0,153.39999999999998,31.8,7.2,15.831034482758621
2008.0,10.0,219.49999999999997,32.5,7.6,19.279999999999998
2008.0,11.0,21.8,33.8,12.8,21.76551724137931
2008.0,12.0,120.6,36.1,12.8,23.063333333333336
2009.0,1.0,166.79999999999998,33.8,14.7,23.533333333333335
2009.0,2.0,109.3,34.3,16.1,24.733333333333334
2009.0,3.0,72.6,33.8,14.0,23.64333333333333
2009.0,4.0,31.0,33.8,11.2,20.886206896551727
2009.0,5.0,70.49999999999999,30.4,7.3,17.923333333333336
2009.0,6.0,52.5,26.6,4.0,13.220689655172412
2009.0,7.0,57.2,26.2,0.1,12.056666666666667
2009.0,8.0,264.5,33.6,5.1,16.43666666666667
2009.0,9.0,293.6,31.6,7.8,17.148275862068967
2009.0,10.0,125.0,34.0,10.0,18.69333333333333
2009.0,11.0,285.79999999999995,35.6,15.7,23.224137931034484
2009.0,12.0,142.79999999999998,34.7,12.7,23.776666666666667
2010.0,1.0,166.59999999999997,34.9,17.3,25.06
2010.0,2.0,110.89999999999998,39.0,13.8,26.52592592592592
2010.0,3.0,103.09999999999998,33.4,13.3,23.733333333333334
2010.0,4.0,71.6,34.2,8.6,20.327586206896555
2010.0,5.0,116.8,25.7,9.6,17.40666666666667
2010.0,6.0,204.6,27.5,3.7,15.003448275862072
2010.0,7.0,170.2,30.6,2.4,14.363333333333335
2010.0,8.0,95.50000000000001,33.2,2.7,14.433333333333335
2010.0,9.0,180.80000000000004,28.3,9.6,17.510344827586206
2010.0,10.0,57.8,28.9,8.4,18.333333333333332
2010.0,11.0,70.89999999999999,35.8,10.4,20.98965517241379
2010.0,12.0,92.89999999999999,35.5,12.2,23.563333333333333
2011.0,1.0,135.7,36.7,20.8,26.096666666666675
2011.0,2.0,119.5,36.8,18.1,25.140740740740743
2011.0,3.0,83.1,34.0,14.1,22.980000000000008
2011.0,4.0,172.70000000000002,31.6,11.1,20.479310344827585
2011.0,5.0,50.1,28.3,9.8,16.676666666666666
2011.0,6.0,108.4,26.7,4.2,13.762068965517242
2011.0,7.0,225.69999999999996,28.8,2.1,13.253333333333334
2011.0,8.0,181.5,33.1,2.7,14.83333333333333
2011.0,9.0,53.0,34.5,5.3,16.593103448275862
2011.0,10.0,123.7,34.8,9.9,19.933333333333334
2011.0,11.0,13.7,35.8,12.0,21.81034482758621
2011.0,12.0,52.1,36.4,14.8,22.98
2012.0,1.0,166.0,37.0,17.4,24.676666666666666
2012.0,2.0,139.5,39.0,18.1,26.635714285714283
2012.0,3.0,122.7,37.1,9.8,23.61
2012.0,4.0,75.3,34.4,8.4,20.065517241379304
2012.0,5.0,35.5,30.3,7.3,18.73
2012.0,6.0,27.200000000000003,30.6,0.9,14.527586206896551
2012.0,7.0,144.89999999999998,31.1,2.8,13.226666666666667
2012.0,8.0,93.6,34.0,7.3,19.123333333333335
2012.0,9.0,272.9,33.2,7.7,18.079310344827583
2012.0,10.0,121.09999999999998,34.5,12.6,21.256666666666664
2012.0,11.0,26.000000000000004,35.5,13.7,23.155172413793103
2012.0,12.0,195.99999999999997,39.8,15.4,25.596666666666668
2013.0,1.0,106.1,36.2,14.4,24.076666666666664
2013.0,2.0,112.80000000000001,38.2,14.5,24.71481481481481
2013.0,3.0,77.99999999999999,33.3,14.5,21.630000000000003
2013.0,4.0,102.79999999999998,32.1,9.8,20.279310344827582
2013.0,5.0,65.30000000000001,31.7,5.2,16.56333333333333
2013.0,6.0,100.6,25.0,6.9,14.662068965517243
2013.0,7.0,115.8,28.5,1.4,13.516666666666667
2013.0,8.0,247.39999999999998,30.1,5.3,13.506666666666664
2013.0,9.0,135.29999999999998,35.3,6.1,17.513793103448275
2013.0,10.0,131.79999999999998,32.4,11.2,19.156666666666663
2013.0,11.0,184.6,34.1,12.2,22.320689655172412
2013.0,12.0,76.39999999999998,39.0,15.6,24.82
2014.0,1.0,76.1,38.2,17.5,26.62
2014.0,2.0,144.0,40.6,17.8,26.36296296296296
2014.0,3.0,111.2,34.0,11.8,23.09
2014.0,4.0,83.5,32.2,11.7,21.137931034482758
2014.0,5.0,64.3,27.2,6.9,16.776666666666664
2014.0,6.0,204.3,29.7,4.2,15.282758620689657
2014.0,7.0,252.59999999999997,27.6,4.8,15.203333333333335
2014.0,8.0,90.5,34.6,3.1,15.803333333333333
2014.0,9.0,154.10000000000002,33.2,10.5,18.606896551724137
2014.0,10.0,184.1,37.1,13.3,21.02
2014.0,11.0,101.89999999999998,35.0,13.5,22.75172413793104
2014.0,12.0,170.7,37.4,14.1,24.233333333333334
2015.0,1.0,160.39999999999998,37.0,17.8,25.626666666666672
2015.0,2.0,90.3,34.8,17.9,24.95185185185185
2015.0,3.0,52.8,35.0,15.6,24.06
2015.0,4.0,69.19999999999999,32.6,13.1,21.172413793103456
2015.0,5.0,135.9,29.7,8.5,18.326666666666668
2015.0,6.0,162.29999999999998,29.1,4.5,15.327586206896552
2015.0,7.0,309.2,28.8,6.6,15.396666666666665
2015.0,8.0,108.89999999999999,35.2,9.6,20.07
2015.0,9.0,184.0,29.6,5.6,17.25172413793103
2015.0,10.0,301.90000000000003,31.0,7.4,18.8
2015.0,11.0,123.69999999999999,31.8,13.7,20.968965517241376
2015.0,12.0,91.6,35.5,13.0,23.869999999999997
2016.0,1.0,50.5,39.0,18.3,25.893333333333334
2016.0,2.0,138.6,36.0,18.1,26.05714285714286
2016.0,3.0,302.40000000000003,34.8,17.5,22.866666666666664
2016.0,4.0,215.9,36.0,6.8,22.693103448275863
2016.0,5.0,72.5,25.0,6.8,15.203333333333331
2016.0,6.0,6.799999999999999,22.2,3.0,11.475862068965517
2016.0,7.0,150.69999999999996,29.6,5.0,13.973333333333334
2016.0,8.0,79.4,33.0,6.0,16.096666666666668
2016.0,9.0,90.6,31.8,8.4,16.396551724137932
2016.0,10.0,191.60000000000002,29.7,9.1,19.209999999999997
2016.0,11.0,103.9,35.0,9.1,21.16896551724138
2016.0,12.0,105.0,38.0,14.2,24.630000000000003
2017.0,1.0,197.1,35.0,17.2,25.603333333333335
2017.0,2.0,50.49999999999999,36.0,17.7,26.45925925925926
2017.0,3.0,165.6,36.1,13.3,23.429999999999996
2017.0,4.0,114.9,31.4,8.4,20.56206896551724
2017.0,5.0,180.79999999999998,30.1,9.7,18.496666666666663
2017.0,6.0,190.49999999999997,28.6,4.2,15.944827586206896
2017.0,7.0,18.700000000000003,30.9,2.2,16.249999999999996
2017.0,8.0,105.1,34.4,6.6,17.633333333333333
2017.0,9.0,152.20000000000002,35.5,13.8,20.55862068965517
2017.0,10.0,290.40000000000003,31.8,11.2,20.09333333333333
2017.0,11.0,137.9,35.6,11.6,20.903448275862072
2017.0,12.0,153.5,36.2,14.7,24.103333333333335
2018.0,1.0,150.0,36.0,15.9,24.91666666666666
2018.0,2.0,92.69999999999999,36.5,13.7,23.885185185185183
2018.0,3.0,99.4,36.4,14.3,23.18
2018.0,4.0,82.7,33.9,16.1,23.351724137931033
2018.0,5.0,88.19999999999999,29.7,5.0,17.95
2018.0,6.0,139.8,29.0,2.6,13.248275862068963
2018.0,7.0,186.5,30.5,5.4,14.73666666666667
2018.0,8.0,79.2,29.4,3.5,14.189999999999998
2018.0,9.0,165.59999999999997,33.4,9.7,19.23793103448276
2018.0,10.0,67.5,33.0,9.1,20.240000000000002
2018.0,11.0,123.6,34.7,12.7,22.758620689655164
2018.0,12.0,61.6,37.9,11.8,24.42333333333333
2019.0,1.0,101.1,38.5,19.2,26.873333333333335
2019.0,2.0,111.1,37.3,16.9,24.83333333333333
2019.0,3.0,78.1,35.7,12.9,23.116666666666674
2019.0,4.0,241.1,34.0,14.6,22.096551724137925
2019.0,5.0,221.09999999999997,30.0,10.2,19.26666666666667
2019.0,6.0,37.2,30.4,3.6,18.268965517241377
2019.0,7.0,158.29999999999998,28.7,2.3,13.543333333333333
2019.0,8.0,48.8,32.8,5.0,15.606666666666666
2019.0,9.0,91.79999999999998,36.2,6.8,16.913793103448278
2019.0,10.0,230.99999999999997,38.4,12.4,20.86
2019.0,11.0,90.9,34.5,12.5,22.26206896551724
2019.0,12.0,19.099999999999998,39.0,12.9,24.876666666666665
2020.0,1.0,66.5,37.7,14.3,25.476666666666667
2020.0,2.0,84.7,37.8,14.7,25.003571428571426
2020.0,3.0,22.9,38.4,17.4,24.556666666666672
2020.0,4.0,27.9,33.2,11.7,20.43448275862069
2020.0,5.0,127.69999999999999,31.4,7.6,16.746666666666666
2020.0,6.0,117.79999999999998,31.4,4.8,16.43793103448276
2020.0,7.0,298.70000000000005,31.0,2.6,13.550000000000002
2020.0,8.0,74.8,31.3,3.9,16.233333333333334
2020.0,9.0,207.1,29.6,5.6,16.962068965517243
2020.0,10.0,102.10000000000001,34.3,10.2,19.483333333333338
2020.0,11.0,51.0,37.6,11.4,21.96206896551724
2020.0,12.0,107.20000000000002,37.9,15.9,24.2
2021.0,1.0,119.39999999999999,38.4,17.3,25.49
2021.0,2.0,30.400000000000002,34.9,17.7,24.75925925925926
2021.0,3.0,73.30000000000001,35.0,16.9,24.006666666666668
2021.0,4.0,26.400000000000002,34.3,11.7,22.017241379310338
2021.0,5.0,167.1,32.9,7.1,15.666666666666666
2021.0,6.0,170.7,31.5,7.2,14.586206896551726
2021.0,7.0,44.8,28.2,2.1,13.56333333333333
2021.0,8.0,139.8,34.8,4.0,16.486666666666665
2021.0,9.0,201.29999999999998,30.4,9.7,18.355172413793102
2021.0,10.0,64.8,34.3,9.6,19.813333333333333
2021.0,11.0,87.2,36.5,12.6,22.068965517241374
2021.0,12.0,87.5,34.1,15.5,23.196666666666665
2022.0,1.0,194.10000000000002,40.1,17.4,26.326666666666668
2022.0,2.0,17.799999999999997,37.3,17.8,25.29259259259259
2022.0,3.0,187.70000000000002,36.6,14.9,22.943333333333328
2022.0,4.0,108.4,34.0,10.6,19.97241379310345
2022.0,5.0,155.4,28.7,7.3,15.803333333333336
2022.0,6.0,101.6,24.5,3.4,13.258620689655174
2022.0,7.0,154.6,30.3,5.7,16.616666666666664
2022.0,8.0,103.3,32.2,4.0,15.31
2022.0,9.0,66.0,28.5,6.3,16.503448275862066
2022.0,10.0,48.89999999999999,34.3,9.5,19.330000000000002
2022.0,11.0,88.7,32.7,9.3,21.113793103448277
2022.0,12.0,63.5,37.2,15.4,24.12
2023.0,1.0,52.400000000000006,37.9,18.8,26.083333333333336
2023.0,2.0,113.7,38.8,12.0,24.859259259259254
2023.0,3.0,94.9,35.5,17.6,25.726666666666667
2023.0,4.0,34.9,33.9,10.4,20.66896551724138
2023.0,5.0,114.8,30.2,10.2,18.363333333333333
2023.0,6.0,254.8,29.5,5.1,16.362068965517242
2023.0,7.0,215.0,29.9,4.6,15.330000000000002
2023.0,8.0,79.6,33.1,3.8,16.696666666666665
2023.0,9.0,447.29999999999995,35.6,8.2,18.555172413793105
2023.0,10.0,119.3,31.7,8.8,19.11
2023.0,11.0,324.8,33.3,10.7,21.41724137931035
2023.0,12.0,92.0,38.4,15.6,24.720000000000002
2024.0,1.0,226.3,36.5,17.9,24.86
2024.0,2.0,82.30000000000001,36.3,18.9,26.060714285714283
2024.0,3.0,81.60000000000001,37.1,15.3,24.70333333333333
2024.0,4.0,122.79999999999998,32.6,13.6,21.84137931034483
2024.0,5.0,539.6999999999999,33.4,6.7,16.969999999999995
2024.0,6.0,186.5,32.4,7.4,17.66551724137931
2024.0,7.0,77.30000000000001,29.4,2.9,13.856666666666664
2024.0,8.0,46.800000000000004,31.5,4.2,15.746666666666666
2024.0,9.0,211.90000000000003,32.9,8.7,18.80344827586207
2024.0,10.0,55.60000000000001,34.9,10.3,20.88076923076923
2024.0,11.0,74.29999999999998,37.6,13.4,23.324137931034482
2024.0,12.0,50.1,36.0,16.2,24.099999999999998
